id,question_text,chapter,class_level,semester,difficulty,marks,answer
1,"যদি A = {1, 3, 5} এবং B = {3, 5, 7} হয়, তবে A ∪ B নির্ণয় কর।",Sets,11,1,Easy,1,"A ∪ B = {1, 3, 5, 7}"
2,"যদি একটি সেটে 5টি পদ থাকে, তবে তার উপসেট (subset) সংখ্যা কত?",Sets,11,1,Easy,1,"$2^5 = 32$"
3,"যদি A = {x : x একটি স্বাভাবিক সংখ্যা এবং x < 4} এবং B = {x : x একটি পূর্ণসংখ্যা এবং 2 < x < 5} হয়, তবে A ∩ B নির্ণয় কর।",Sets,11,1,Medium,2,"A = {1, 2, 3}, B = {3, 4}. সুতরাং A ∩ B = {3}"
4,"ভেন চিত্রের সাহায্যে প্রমাণ কর: (A ∪ B)' = A' ∩ B' (ডি মরগানের সূত্র)।",Sets,11,1,Medium,4,"চিত্র এঁকে প্রমাণ করতে হবে যে A এবং B-এর ইউনিয়নের বাইরের অংশ, A-এর বাইরের অংশ এবং B-এর বাইরের অংশের ইন্টারসেকশনের সমান।"
5,"একটি পরীক্ষায় 60% ছাত্র ইংরেজিতে এবং 70% ছাত্র গণিতে পাশ করে। যদি 20% ছাত্র উভয় বিষয়ে ফেল করে, তবে শতকরা কতজন ছাত্র উভয় বিষয়ে পাশ করেছে?",Sets,11,1,Hard,4,"ধরি, E = ইংরেজি, M = গণিত। P(E')=40%, P(M')=30%, P(E'∩M')=20%। P(E∪M)' = 20% ⇒ P(E∪M)=80%। P(E∩M) = P(E)+P(M)-P(E∪M) = 60+70-80 = 50%।"
6,"যদি f(x) = 2x - 5 হয়, তবে f(0) + f(5) -এর মান নির্ণয় কর।",Relations and Functions,11,1,Easy,1,"f(0) = -5, f(5) = 5. সুতরাং, -5 + 5 = 0।"
7,"f(x) = √(9 - x²) অপেক্ষকটির ক্ষেত্র (domain) নির্ণয় কর।",Relations and Functions,11,1,Medium,2,"9 - x² ≥ 0 ⇒ x² ≤ 9 ⇒ -3 ≤ x ≤ 3। ক্ষেত্র হল [-3, 3]।"
8,"যদি f(x) = [x] (greatest integer function) এবং g(x) = |x| হয়, তবে (g o f)(-5/3) -এর মান নির্ণয় কর।",Relations and Functions,11,1,Medium,2,"f(-5/3) = [-1.66] = -2. g(f(-5/3)) = g(-2) = |-2| = 2।"
9,"প্রমাণ কর: sin²(π/6) + cos²(π/3) - tan²(π/4) = -1/2",Trigonometric Functions,11,1,Easy,2,"(1/2)² + (1/2)² - (1)² = 1/4 + 1/4 - 1 = 1/2 - 1 = -1/2।"
10,"cot(x) = -5/12 এবং x দ্বিতীয় পাদে অবস্থিত হলে, অন্য 5টি ত্রিকোণমিতিক অপেক্ষকের মান নির্ণয় কর।",Trigonometric Functions,11,1,Medium,4,"sin(x)=12/13, cos(x)=-5/13, tan(x)=-12/5, cosec(x)=13/12, sec(x)=-13/5"
11,"সমাধান কর: 2cos²(x) + 3sin(x) = 0",Trigonometric Functions,11,1,Hard,5,"2(1-sin²(x)) + 3sin(x) = 0 ⇒ 2sin²(x) - 3sin(x) - 2 = 0। সমাধান করে পাই sin(x) = -1/2। সুতরাং, x = nπ + (-1)ⁿ(-π/6)।"
12,"গাণিতিক আরোহ নীতির (Principle of Mathematical Induction) সাহায্যে প্রমাণ কর যে, সকল n ∈ N -এর জন্য, 1 + 2 + ... + n = n(n+1)/2।",Principle of Mathematical Induction,11,1,Medium,5,"n=1 এর জন্য প্রমাণ করতে হবে। n=k এর জন্য সত্য ধরে n=k+1 এর জন্য প্রমাণ করতে হবে।"
13,"(1+i)/(1-i) জটিল রাশিটিকে a+ib আকারে প্রকাশ কর।",Complex Numbers,11,1,Easy,2,"(1+i)² / ((1-i)(1+i)) = (1+2i-1)/2 = 2i/2 = i. সুতরাং, 0+1i।"
14,"-16 -এর বর্গমূল নির্ণয় কর।",Complex Numbers,11,1,Easy,1,"±√(-16) = ±√(16 * i²) = ±4i"
15,"যদি z = x+iy হয় এবং |2z-1| = |z-2| হয়, তবে দেখাও যে x²+y²=1।",Complex Numbers,11,1,Hard,4,"|2(x+iy)-1| = |(x+iy)-2| ⇒ |(2x-1)+2iy| = |(x-2)+iy|। বর্গ করে সরল করলে x²+y²=1 পাওয়া যায়।"
16,"সমাধান কর: 7x + 3 < 5x + 9 এবং প্রাপ্ত সমাধানটি সংখ্যারেখায় দেখাও।",Linear Inequalities,11,1,Easy,2,"2x < 6 ⇒ x < 3. সমাধান হল (-∞, 3)।"
17,"'ALLAHABAD' শব্দটির অক্ষরগুলি কত রকমে সাজানো যায়?",Permutations and Combinations,11,2,Easy,2,"মোট 9টি অক্ষর, যার মধ্যে A=4, L=2। সাজানোর উপায় = 9! / (4! * 2!) = 7560।"
18,"যদি nC8 = nC2 হয়, তবে nC3 -এর মান নির্ণয় কর।",Permutations and Combinations,11,2,Easy,2,"nC8 = nC2 ⇒ n = 8+2 = 10. nC3 = 10C3 = (10*9*8)/(3*2*1) = 120।"
19,"5 জন পুরুষ এবং 4 জন মহিলার মধ্য থেকে 3 জন পুরুষ ও 3 জন মহিলা নিয়ে কতগুলি কমিটি গঠন করা যায়?",Permutations and Combinations,11,2,Medium,4,"উপায় সংখ্যা = (5C3) * (4C3) = 10 * 4 = 40।"
20,"PASCAL শব্দটির অক্ষরগুলির অভিধান অনুযায়ী rank কত?",Permutations and Combinations,11,2,Hard,5,"A, C, L, P, S অক্ষরগুলিকে ক্রমানুসারে সাজিয়ে গণনা করতে হবে। Rank = 433।"
21,"(2x - 3y)^5 -এর বিস্তৃতি নির্ণয় কর।",Binomial Theorem,11,2,Easy,2,"32x^5 - 240x^4y + 720x^3y^2 - 1080x^2y^3 + 810xy^4 - 243y^5"
22,"(x + 1/x)^10 -এর বিস্তৃতিতে মধ্যপদটি নির্ণয় কর।",Binomial Theorem,11,2,Medium,2,"n=10 (জোড়), তাই মধ্যপদ একটি, (10/2 + 1) = 6-তম পদ। T6 = 10C5 * x^5 * (1/x)^5 = 252।"
23,"(1+x)^26 -এর বিস্তৃতিতে বৃহত্তম সহগটি কত?",Binomial Theorem,11,2,Medium,2,"বৃহত্তম সহগটি হল মধ্যপদের সহগ, যা 26C13।"
24,"1, 1/2, 1/4, 1/8, ... গুণোত্তর প্রগতিটির (GP) অসীম সংখ্যক পদের যোগফল নির্ণয় কর।",Sequences and Series,11,2,Easy,2,"S_inf = a / (1-r) = 1 / (1 - 1/2) = 2।"
25,"দুটি সংখ্যার সমান্তরীয় মধ্যক (AM) 10 এবং গুণোত্তরীয় মধ্যক (GM) 8 হলে, সংখ্যা দুটি নির্ণয় কর।",Sequences and Series,11,2,Medium,4,"(a+b)/2 = 10, √ab = 8. a+b=20, ab=64। সমাধান করে পাই a=16, b=4।"
26,"9 + 99 + 999 + ... ধারাটির n-তম পদ পর্যন্ত যোগফল নির্ণয় কর।",Sequences and Series,11,2,Hard,5,"(10-1) + (100-1) + ... = (10+100+...) - n = [10(10^n - 1)/9] - n।"
27,"(-2, 6) এবং (4, 8) বিন্দু দুটির সংযোজক রেখাংশের লম্ব সমদ্বিখণ্ডকের সমীকরণ নির্ণয় কর।",Straight Lines,11,2,Medium,4,"মধ্যবিন্দু (1, 7)। প্রবণতা = (8-6)/(4-(-2)) = 1/3। লম্ব রেখার প্রবণতা = -3। সমীকরণ: y-7 = -3(x-1) ⇒ 3x+y-10=0।"
28,"মূলবিন্দু থেকে 3x - 4y - 15 = 0 সরলরেখার লম্ব দূরত্ব নির্ণয় কর।",Straight Lines,11,2,Easy,1,"দূরত্ব = |3(0) - 4(0) - 15| / √(3²+ (-4)²) = 15/5 = 3 একক।"
29,"দেখাও যে (1, 1), (-1, 5) এবং (3, -3) বিন্দু তিনটি সমরেখ।",Straight Lines,11,2,Medium,2,"যেকোনো দুটি বিন্দু দিয়ে গঠিত সরলরেখার প্রবণতা সমান হবে।"
30,"একটি উপবৃত্তের (ellipse) উৎকেন্দ্রতা (eccentricity) 1/2 এবং নাভিদ্বয়ের স্থানাঙ্ক (±2, 0) হলে, তার সমীকরণ নির্ণয় কর।",Conic Sections,11,2,Medium,4,"c=2, e=c/a=1/2 ⇒ a=4। b²=a²(1-e²) = 16(1-1/4)=12। সমীকরণ: x²/16 + y²/12 = 1।"
31,"x² = -16y অধিবৃত্তটির (parabola) শীর্ষবিন্দু, নাভি এবং নিয়ামকের সমীকরণ নির্ণয় কর।",Conic Sections,11,2,Medium,4,"শীর্ষ (0,0), a=4, নাভি (0, -4), নিয়ামক y=4।"
32,"9x² - 16y² = 144 পরাবৃত্তের (hyperbola) নাভিলম্বের দৈর্ঘ্য নির্ণয় কর।",Conic Sections,11,2,Easy,2,"x²/16 - y²/9 = 1. a²=16, b²=9। নাভিলম্বের দৈর্ঘ্য = 2b²/a = 2*9/4 = 9/2।"
33,"(1, 2, 3) এবং (3, 5, 9) বিন্দু দুটির মধ্যবর্তী দূরত্ব নির্ণয় কর।",Introduction to 3D Geometry,11,2,Easy,1,"দূরত্ব = √((3-1)²+(5-2)²+(9-3)²) = √(4+9+36) = √49 = 7 একক।"
34,"একটি সরলরেখা অক্ষগুলির সঙ্গে 90°, 135°, 45° কোণ করলে, তার দিক কোসাইন (direction cosines) নির্ণয় কর।",Introduction to 3D Geometry,11,2,Easy,2,"l=cos(90°)=0, m=cos(135°)=-1/√2, n=cos(45°)=1/√2।"
35,"Y-Z সমতলের সমীকরণ কী?",Introduction to 3D Geometry,11,2,Easy,1,"x = 0"
36,"মান নির্ণয় কর: lim (x→2) (x³ - 8) / (x - 2)",Limits and Derivatives,11,2,Easy,2,"lim (x→2) (x-2)(x²+2x+4) / (x-2) = 2²+2*2+4 = 12।"
37,"সংজ্ঞার সাহায্যে sin(x) -এর অন্তরকলজ নির্ণয় কর।",Limits and Derivatives,11,2,Medium,4,"f'(x) = lim (h→0) [sin(x+h)-sin(x)]/h = ... = cos(x)।"
38,"y = x³ + 2x² - 7x + 8 হলে, dy/dx নির্ণয় কর।",Limits and Derivatives,11,2,Easy,1,"dy/dx = 3x² + 4x - 7"
39,"নিম্নের বিবৃতিটির না-সূচক (negation) লেখ: 'সকল ভারতীয় বাংলা বলে'।",Mathematical Reasoning,11,2,Easy,1,"'এমন অন্তত একজন ভারতীয় আছেন যিনি বাংলা বলেন না' বা 'সকল ভারতীয় বাংলা বলে না'।"
40,"2, 5, 8, 11, 14 সংখ্যাগুলির সমক পার্থক্য (standard deviation) নির্ণয় কর।",Statistics,11,2,Medium,4,"মধ্যক = 8। ভেদাঙ্ক = [(2-8)²+(5-8)²+...]/5 = (36+9+0+9+36)/5 = 18। সমক পার্থক্য = √18 = 3√2।"
41,"একটি ঝোঁকশূন্য ছক্কা চালা হলে, 3-এর গুণিতক পড়ার সম্ভাবনা কত?",Probability,11,2,Easy,1,"অনুকূল ঘটনা {3, 6}। সম্ভাবনা = 2/6 = 1/3।"
42,"A এবং B দুটি ঘটনা এমন যে P(A)=0.5, P(B)=0.6 এবং P(A∩B)=0.2। P(A∪B) নির্ণয় কর।",Probability,11,2,Easy,2,"P(A∪B) = P(A)+P(B)-P(A∩B) = 0.5+0.6-0.2 = 0.9।"
43,"একটি থলিতে 4টি লাল ও 6টি কালো বল আছে। পুনঃস্থাপন না করে দুটি বল তোলা হলে, দুটি বলই কালো হওয়ার সম্ভাবনা কত?",Probability,11,2,Medium,2,"(6/10) * (5/9) = 30/90 = 1/3।"
44,"f: R→R অপেক্ষকটি f(x)=x²+1 দ্বারা সংজ্ঞাত। এটি কি এক-এক (one-one)? যুক্তিসহ লেখ।",Relations and Functions,12,1,Easy,2,"না। কারণ f(1)=2 এবং f(-1)=2, কিন্তু 1 ≠ -1।"
45,"sin⁻¹(sin(2π/3)) -এর মুখ্য মান নির্ণয় কর।",Inverse Trigonometric Functions,12,1,Easy,1,"sin⁻¹(sin(π - π/3)) = sin⁻¹(sin(π/3)) = π/3।"
46,"প্রমাণ কর: 2tan⁻¹(1/2) + tan⁻¹(1/7) = tan⁻¹(31/17)",Inverse Trigonometric Functions,12,1,Medium,4,"2tan⁻¹(1/2) = tan⁻¹(2*(1/2) / (1-(1/2)²)) = tan⁻¹(4/3)। এরপর tan⁻¹(x)+tan⁻¹(y) সূত্র প্রয়োগ করতে হবে।"
47,"যদি A = [[1, 2], [3, 4]] হয়, তবে A + A' নির্ণয় কর। (A' হল A-এর পরিবর্ত ম্যাট্রিক্স)",Matrices,12,1,Easy,1,"A' = [[1, 3], [2, 4]]। A+A' = [[2, 5], [5, 8]]।"
48,"A = [[2, 5], [1, 3]] হলে, adj(A) নির্ণয় কর।",Matrices,12,1,Easy,2,"adj(A) = [[3, -5], [-1, 2]]"
49,"ম্যাট্রিক্স পদ্ধতিতে সমাধান কর: 2x+5y=1, 3x+2y=7",Matrices,12,1,Hard,5,"X = A⁻¹B সূত্র ব্যবহার করে। A⁻¹ = (1/-11) * [[2, -5], [-3, 2]]। সমাধান করে x=3, y=-1।"
50,"দেখাও যে: |[1, a, a²], [1, b, b²], [1, c, c²]| = (a-b)(b-c)(c-a)",Determinants,12,1,Medium,4,"R2→R2-R1 এবং R3→R3-R1 রূপান্তর প্রয়োগ করে প্রমাণ করা যায়।"
51,"k -এর কোন মানের জন্য (k, 2), (2, 4) এবং (3, 2) বিন্দু তিনটি দ্বারা গঠিত ত্রিভুজের ক্ষেত্রফল 4 বর্গএকক হবে?",Determinants,12,1,Medium,4,"(1/2)|k(4-2) + 2(2-2) + 3(2-4)| = 4। |2k - 6| = 8। সমাধান করে k = 7 বা k = -1।"
52,"y = log(sin(x)) হলে dy/dx নির্ণয় কর।",Continuity and Differentiability,12,1,Easy,2,"dy/dx = (1/sin(x)) * cos(x) = cot(x)।"
53,"f(x) = |x| অপেক্ষকটি x=0 বিন্দুতে সন্তত কিন্তু অবকলনযোগ্য নয় - প্রমাণ কর।",Continuity and Differentiability,12,1,Medium,4,"সন্ততার জন্য LHL=RHL=f(0)=0 দেখাতে হবে। অবকলনযোগ্যতার জন্য LHD=-1 এবং RHD=1, যা সমান নয়।"
54,"x = a(cos t + t sin t), y = a(sin t - t cos t) হলে, dy/dx নির্ণয় কর।",Continuity and Differentiability,12,1,Hard,5,"dx/dt = at cos t, dy/dt = at sin t। dy/dx = (dy/dt)/(dx/dt) = tan t।"
55,"y = sin⁻¹(2x√(1-x²)) হলে dy/dx নির্ণয় কর।",Continuity and Differentiability,12,1,Medium,4,"x = sinθ প্রতিস্থাপন করলে, y = sin⁻¹(sin 2θ) = 2θ = 2sin⁻¹x। dy/dx = 2/√(1-x²)।"
56,"একটি বৃত্তের ব্যাসার্ধ সমহারে 3 সেমি/সেকেন্ড হারে বৃদ্ধি পায়। যখন ব্যাসার্ধ 10 সেমি, তখন বৃত্তের ক্ষেত্রফল কি হারে বৃদ্ধি পায়?",Application of Derivatives,12,1,Medium,2,"A = πr²। dA/dt = 2πr (dr/dt) = 2π(10)(3) = 60π বর্গসেমি/সেকেন্ড।"
57,"f(x) = 2x³ - 3x² - 36x + 7 অপেক্ষকটির কোন বিস্তারে বর্ধিষ্ণু (increasing)?",Application of Derivatives,12,1,Medium,4,"f'(x) = 6x² - 6x - 36 > 0 ⇒ x² - x - 6 > 0 ⇒ (x-3)(x+2) > 0। বিস্তার: (-∞, -2) ∪ (3, ∞)।"
58,"একটি 28 মিটার দীর্ঘ তারকে কেটে দুটি টুকরো করা হল। একটি দিয়ে বর্গক্ষেত্র ও অন্যটি দিয়ে বৃত্ত বানানো হলে, তাদের মোট ক্ষেত্রফল কখন ক্ষুদ্রতম হবে?",Application of Derivatives,12,1,Hard,5,"বর্গক্ষেত্রের বাহুর দৈর্ঘ্য হবে 28π / (π+4) মিটার।"
59,"x=1 -এ y = x³ - x + 1 বক্রের স্পর্শকের সমীকরণ নির্ণয় কর।",Application of Derivatives,12,1,Easy,2,"x=1 হলে y=1। dy/dx = 3x²-1। x=1 -এ প্রবণতা=2। সমীকরণ: y-1 = 2(x-1) ⇒ y=2x-1।"
60,"সমাকলন কর: ∫(sec²x / (1+tanx)) dx",Integrals,12,2,Easy,2,"1+tanx = z ধরলে, sec²x dx = dz। ∫(1/z)dz = log|z|+C = log|1+tanx|+C।"
61,"মান নির্ণয় কর: ∫(x e^x) dx",Integrals,12,2,Medium,4,"আংশিক সমাকলন (integration by parts) ব্যবহার করে: x e^x - ∫e^x dx = x e^x - e^x + C।"
62,"মান নির্ণয় কর: ∫(dx / (x²+2x+2))",Integrals,12,2,Medium,4,"∫(dx / ((x+1)² + 1)) = tan⁻¹(x+1) + C।"
63,"মান নির্ণয় কর: ∫(0 to π/2) (sin x / (sin x + cos x)) dx",Integrals,12,2,Hard,5,"I = ∫(0 to π/2) f(x)dx = ∫(0 to π/2) f(π/2 - x)dx ধর্ম ব্যবহার করে। 2I = ∫(0 to π/2) 1 dx = π/2। I = π/4।"
64,"y=√x এবং x=√y বক্র দুটি দ্বারা সীমাবদ্ধ অঞ্চলের ক্ষেত্রফল নির্ণয় কর।",Application of Integrals,12,2,Medium,5,"বক্র দুটি হল y²=x এবং x²=y। ছেদবিন্দু (0,0) ও (1,1)। ক্ষেত্রফল = ∫(0 to 1) (√x - x²)dx = 1/3 বর্গএকক।"
65,"x-অক্ষ এবং y=sin(x) বক্র দ্বারা x=0 থেকে x=π পর্যন্ত সীমাবদ্ধ অঞ্চলের ক্ষেত্রফল নির্ণয় কর।",Application of Integrals,12,2,Easy,2,"∫(0 to π) sin(x) dx = [-cos(x)](0 to π) = -(-1) - (-1) = 2 বর্গএকক।"
66,"dy/dx = (1+y²)/(1+x²) অবকল সমীকরণটির সমাধান কর।",Differential Equations,12,2,Easy,2,"∫(dy/(1+y²)) = ∫(dx/(1+x²)) ⇒ tan⁻¹(y) = tan⁻¹(x) + C।"
67,"(x²+y²)dx - 2xy dy = 0 সমসত্ত্ব (homogeneous) অবকল সমীকরণটি সমাধান কর।",Differential Equations,12,2,Hard,5,"y=vx প্রতিস্থাপন করে সমাধান করতে হবে। সমাধান: x² - y² = Cx।"
68,"y = A cos(x) + B sin(x) -এর অবকল সমীকরণ গঠন কর, যেখানে A, B ধ্রুবক।",Differential Equations,12,2,Medium,4,"d²y/dx² + y = 0"
69,"vec(a) = 2i+j-2k এবং vec(b) = i+j হলে, vec(a) -এর উপর vec(b) -এর অভিক্ষেপ (projection) নির্ণয় কর।",Vector Algebra,12,2,Easy,2,"(vec(a) . vec(b)) / |vec(a)| = (2+1) / √(4+1+4) = 3/3 = 1।"
70,"যদি |vec(a)+vec(b)| = |vec(a)-vec(b)| হয়, তবে vec(a) এবং vec(b) ভেক্টর দুটির মধ্যবর্তী কোণ কত?",Vector Algebra,12,2,Medium,2,"বর্গ করে সরল করলে 4(vec(a).vec(b))=0 পাওয়া যায়। সুতরাং, vec(a) ⊥ vec(b), কোণ 90°।"
71,"একটি সামান্তরিকের দুটি সন্নিহিত বাহু vec(a)=i+2j+3k এবং vec(b)=3i-2j+k হলে, তার ক্ষেত্রফল নির্ণয় কর।",Vector Algebra,12,2,Medium,4,"ক্ষেত্রফল = |vec(a) x vec(b)|। vec(a) x vec(b) = 8i+8j-8k। ক্ষেত্রফল = √(64+64+64) = 8√3 বর্গএকক।"
72,"(1, 2, 3) বিন্দুগামী এবং 3x+4y-5z=0 সমতলের সমান্তরাল একটি সমতলের সমীকরণ নির্ণয় কর।",Three Dimensional Geometry,12,2,Easy,2,"3(x-1)+4(y-2)-5(z-3)=0 ⇒ 3x+4y-5z+4=0।"
73,"(x-5)/1 = (y+2)/-2 = (z-1)/3 সরলরেখা এবং 2x+y-z=7 সমতলের মধ্যবর্তী কোণ নির্ণয় কর।",Three Dimensional Geometry,12,2,Medium,4,"sinθ = |(1*2)+(-2*1)+(3*-1)| / (√14 * √6) = |-3|/√84। θ = sin⁻¹(3/√84)।"
74,"মূলবিন্দু থেকে (2, 3, 4) বিন্দুগামী একটি সরলরেখার কার্টেসীয় সমীকরণ নির্ণয় কর।",Three Dimensional Geometry,12,2,Easy,1,"x/2 = y/3 = z/4"
75,"LPP: Z=5x+3y -এর সর্বোচ্চ মান নির্ণয় কর, যখন বাধাসমূহ 3x+5y≤15, 5x+2y≤10 এবং x, y ≥ 0।",Linear Programming,12,2,Hard,5,"প্রান্তবিন্দুগুলি হল (0,0), (2,0), (0,3), (20/19, 45/19)। সর্বোচ্চ মান 235/19, যা (20/19, 45/19) বিন্দুতে।"
76,"একটি মুদ্রা 10 বার টস করা হলে, ঠিক 6টি হেড পড়ার সম্ভাবনা কত?",Probability,12,2,Medium,4,"দ্বিপদ বিভাজন: P(X=6) = 10C6 * (1/2)^6 * (1/2)^4 = 210 / 1024।"
77,"যদি P(A)=7/13, P(B)=9/13 এবং P(A∩B)=4/13 হয়, তবে P(A|B) -এর মান নির্ণয় কর।",Probability,12,2,Easy,2,"P(A|B) = P(A∩B) / P(B) = (4/13) / (9/13) = 4/9।"
78,"একটি বাক্সে 10টি ভালো এবং 3টি খারাপ আম আছে। যদি দুটি আম তোলা হয়, তবে দুটিই ভালো হওয়ার সম্ভাবনা কত?",Probability,12,2,Medium,2,"(10C2) / (13C2) = 45 / 78 = 15/26।"
79,"যদি A এবং B দুটি স্বাধীন ঘটনা হয় এবং P(A)=0.3, P(B)=0.6 হয়, তবে P(A এবং B) -এর মান নির্ণয় কর।",Probability,12,2,Easy,1,"P(A∩B) = P(A) * P(B) = 0.3 * 0.6 = 0.18।"
80,"একটি ছক্কা চালার পরীক্ষায়, E = {1,3,5}, F = {2,3} এবং G = {2,3,4,5} ঘটনাগুলি দেওয়া আছে। P((E∪F)|G) নির্ণয় কর।",Probability,12,2,Hard,4,"E∪F = {1,2,3,5}, (E∪F)∩G = {2,3,5}। P((E∪F)|G) = n((E∪F)∩G) / n(G) = 3/4।"
81,"tan(15°) -এর মান নির্ণয় কর।",Trigonometric Functions,11,1,Easy,2,"tan(45°-30°) = (1 - 1/√3) / (1 + 1/√3) = 2 - √3।"
82,"A = {a, b, c} সেটের পাওয়ার সেট (power set) লেখ।",Sets,11,1,Medium,2,"P(A) = {∅, {a}, {b}, {c}, {a,b}, {a,c}, {b,c}, {a,b,c}}"
83,"(i)^101 -এর মান নির্ণয় কর।",Complex Numbers,11,1,Easy,1,"i^(4*25 + 1) = (i^4)^25 * i = 1^25 * i = i।"
84,"nPr = 720 এবং nCr = 120 হলে, r -এর মান নির্ণয় কর।",Permutations and Combinations,11,2,Medium,2,"nPr / nCr = r! ⇒ 720/120 = 6 = r! ⇒ r = 3।"
85,"(x - 1/x)² এর বিস্তৃতিতে কতগুলি পদ থাকবে?",Binomial Theorem,11,2,Easy,1,"n+1 = 2+1 = 3টি পদ।"
86,"3x + 4y = 12 সরলরেখাটি দ্বারা অক্ষদ্বয়ের সঙ্গে উৎপন্ন ত্রিভুজের ক্ষেত্রফল কত?",Straight Lines,11,2,Easy,2,"x/4 + y/3 = 1। ছেদিতাংশ 4 ও 3। ক্ষেত্রফল = 1/2 * 4 * 3 = 6 বর্গএকক।"
87,"x²/25 + y²/9 = 1 উপবৃত্তের নাভিলম্বের দৈর্ঘ্য কত?",Conic Sections,11,2,Easy,2,"2b²/a = 2*9/5 = 18/5।"
88,"মান নির্ণয় কর: lim (x→0) (tan x / x)",Limits and Derivatives,11,2,Easy,1,"1"
89,"y = 5^x হলে dy/dx কত?",Limits and Derivatives,11,2,Easy,1,"5^x * log(5)"
90,"A এবং B দুটি পরস্পর পৃথক (mutually exclusive) ঘটনা হলে, P(A∩B) কত?",Probability,11,2,Easy,1,"0"
91,"যদি f(x) = (x-1)/(x+1) হয়, তবে f(f(x)) কত?",Relations and Functions,12,1,Medium,4,"f( (x-1)/(x+1) ) = ... = -1/x।"
92,"cos⁻¹(-1/√2) -এর মুখ্য মান কত?",Inverse Trigonometric Functions,12,1,Easy,1,"π - cos⁻¹(1/√2) = π - π/4 = 3π/4।"
93,"যদি A = [[cos α, sin α], [-sin α, cos α]] হয়, তবে A⁻¹ নির্ণয় কর।",Matrices,12,1,Medium,2,"A⁻¹ = (1/1) * [[cos α, -sin α], [sin α, cos α]] = A'।"
94,"যদি A একটি 3x3 ক্রমের বর্গ ম্যাট্রিক্স হয়, তবে |adj A| -এর মান কত?",Determinants,12,1,Medium,2,"|A|^(n-1) = |A|^(3-1) = |A|²।"
9á,"x-এর সাপেক্ষে x^x -এর অন্তরকলজ নির্ণয় কর।",Continuity and Differentiability,12,1,Medium,4,"y=x^x ⇒ log y = x log x। dy/dx = x^x (1+log x)।"
96,"f(x) = x³ - 3x অপেক্ষকটির চরম ও অবম মান নির্ণয় কর।",Application of Derivatives,12,1,Hard,5,"f'(x)=3x²-3=0 ⇒ x=±1। f''(x)=6x। x=1 এ অবম মান -2, x=-1 এ চরম মান 2।"
97,"সমাকলন কর: ∫ tan²(x) dx",Integrals,12,2,Easy,2,"∫(sec²x - 1)dx = tan(x) - x + C।"
98,"মান নির্ণয় কর: ∫(-1 to 1) x¹⁷ cos⁴x dx",Integrals,12,2,Medium,2,"যেহেতু f(x) = x¹⁷ cos⁴x একটি অযুগ্ম অপেক্ষক, সমাকলটির মান 0।"
99,"(dy/dx) + y/x = x² অবকল সমীকরণটির সমাকল গুণক (IF) নির্ণয় কর।",Differential Equations,12,2,Medium,2,"IF = e^(∫(1/x)dx) = e^(log x) = x।"
100,"দেখাও যে i-j, i+j এবং 3j ভেক্টর তিনটি একটি সমকোণী ত্রিভুজ গঠন করে।",Vector Algebra,12,2,Medium,4,"ভেক্টর তিনটিকে a, b, c ধরে দেখাও যে a+b=c (বা যেকোনো দুটি যোগফল তৃতীয়টির সমান) এবং যেকোনো দুটি ভেক্টরের ডট গুণফল শূন্য।"
101,"একটি সরলরেখার দিক অনুপাত (direction ratios) 2, -1, -2 হলে, তার দিক কোসাইনগুলি নির্ণয় কর।",Three Dimensional Geometry,12,2,Easy,2,"(2/3, -1/3, -2/3)"
102,"P(not A) = 0.7, P(B) = 0.7 এবং P(B|A) = 0.5 হলে, P(A|B) নির্ণয় কর।",Probability,12,2,Hard,4,"P(A)=0.3। P(A∩B) = P(B|A)P(A) = 0.5*0.3 = 0.15। P(A|B)=P(A∩B)/P(B) = 0.15/0.7 = 3/14।"
103,"যদি A ⊂ B হয়, তবে A ∩ B = ?",Sets,11,1,Easy,1,"A"
104,"যদি A = {1, 2} এবং B = {3, 4} হয়, তবে A×B -তে সম্বন্ধের সংখ্যা কত?",Relations and Functions,11,1,Medium,2,"n(A×B)=4। সম্বন্ধের সংখ্যা = 2^4 = 16।"
105,"cos(38°)cos(22°) - sin(38°)sin(22°) -এর মান কত?",Trigonometric Functions,11,1,Easy,2,"cos(38°+22°) = cos(60°) = 1/2।"
106,"2-3i জটিল রাশির অনুবন্ধী (conjugate) জটিল রাশিটি কী?",Complex Numbers,11,1,Easy,1,"2+3i"
107,"'EQUATION' শব্দটির অক্ষরগুলি থেকে সব স্বরবর্ণ একত্রে রেখে কত রকমে সাজানো যায়?",Permutations and Combinations,11,2,Medium,4,"স্বরবর্ণ (E,U,A,I,O) 5টি, ব্যঞ্জনবর্ণ 3টি। (5! * 4!) = 120 * 24 = 2880।"
108,"(1-2x)^(-1) -এর বিস্তৃতিতে x^r -এর সহগ কত?",Binomial Theorem,11,2,Medium,2,"2^r"
109,"একটি সমান্তর প্রগতির p-তম পদ q এবং q-তম পদ p হলে, তার (p+q)-তম পদ কত?",Sequences and Series,11,2,Hard,4,"0"
110,"y-অক্ষের সমান্তরাল এবং (3, -4) বিন্দুগামী সরলরেখার সমীকরণ কী?",Straight Lines,11,2,Easy,1,"x = 3"
111,"(5, 12) বিন্দু থেকে x²+y²=25 বৃত্তের স্পর্শকের দৈর্ঘ্য কত?",Conic Sections,11,2,Medium,2,"√(5²+12²-25) = √(169-25) = √144 = 12 একক।"
112,"y = (ax+b)/(cx+d) হলে dy/dx কত?",Limits and Derivatives,11,2,Medium,2,"(ad-bc) / (cx+d)²"
113,"একটি ছক্কা ও একটি মুদ্রা একসাথে টস করা হলে, নমুনা দেশ (sample space) লেখ।",Probability,11,2,Easy,2,"{H1, H2, H3, H4, H5, H6, T1, T2, T3, T4, T5, T6}"
114,"A=[[1, 0], [0, 1]] ম্যাট্রিক্সটি কী ধরনের ম্যাট্রিক্স?",Matrices,12,1,Easy,1,"একক ম্যাট্রিক্স (Identity Matrix)"
115,"y=sec⁻¹x + cosec⁻¹x হলে dy/dx কত?",Continuity and Differentiability,12,1,Easy,1,"y = π/2 (ধ্রুবক)। dy/dx = 0।"
116,"∫(1 to e) (1/x) dx -এর মান কত?",Integrals,12,2,Easy,2,"[log x](1 to e) = log e - log 1 = 1-0=1।"
117,"vec(a) = 2i+3j এবং vec(b) = i-j হলে, |vec(a)+vec(b)| কত?",Vector Algebra,12,2,Easy,2,"vec(a)+vec(b) = 3i+2j। |3i+2j| = √(9+4) = √13।"
118,"x/2 = y/3 = z/4 এবং x/4 = y/6 = z/8 সরলরেখা দুটির মধ্যবর্তী কোণ কত?",Three Dimensional Geometry,12,2,Easy,2,"দিক অনুপাতগুলি সমানুপাতিক, তাই রেখা দুটি সমান্তরাল। কোণ 0°।"
119,"যদি P(A)=1/2, P(B)=1/3 এবং A ও B স্বাধীন ঘটনা হয়, তবে P(A∪B) কত?",Probability,12,2,Medium,2,"P(A∪B) = P(A)+P(B)-P(A)P(B) = 1/2+1/3-1/6 = 2/3।"
120,"f(x) = sgn(x) (signum function) অপেক্ষকটির পাল্লা (range) কত?",Relations and Functions,11,1,Easy,1,"{-1, 0, 1}"
121,"sin(π/10)sin(3π/10)sin(7π/10)sin(9π/10) -এর মান কত?",Trigonometric Functions,11,1,Hard,5,"1/16"
122,"z = (1+i√3)² জটিল রাশির কোনাঙ্ক (argument) কত?",Complex Numbers,11,1,Medium,2,"arg(1+i√3) = π/3। arg(z²) = 2 * arg(z) = 2π/3।"
123,"n সংখ্যক বাহুবিশিষ্ট একটি বহুভুজের কর্ণের সংখ্যা কত?",Permutations and Combinations,11,2,Easy,2,"nC2 - n = n(n-3)/2।"
124,"x - 2y = k সরলরেখাটি y²=4x অধিবৃত্তের স্পর্শক হলে, k-এর মান কত?",Conic Sections,11,2,Hard,4,"স্পর্শকের শর্ত y=mx+c হল c=a/m। এখানে m=1/2, a=1। c=-k/2। -k/2 = 1/(1/2)=2 ⇒ k=-4।"
125,"যদি x = y log(xy) হয়, তবে dy/dx নির্ণয় কর।",Continuity and Differentiability,12,1,Hard,5,"y(x-y) / (x(x+y))"
126,"∫(dx / (e^x + e^-x)) -এর মান নির্ণয় কর।",Integrals,12,2,Medium,4,"∫(e^x dx / (e^2x + 1))। e^x=z ধরে। tan⁻¹(e^x)+C।"
127,"y² = 4ax অধিবৃত্ত এবং তার নাভিলম্ব দ্বারা সীমাবদ্ধ অঞ্চলের ক্ষেত্রফল কত?",Application of Integrals,12,2,Medium,4,"8a²/3 বর্গএকক।"
128,"vec(a), vec(b), vec(c) তিনটি একক ভেক্টর এবং vec(a)+vec(b)+vec(c)=0 হলে, vec(a).vec(b)+vec(b).vec(c)+vec(c).vec(a) -এর মান কত?",Vector Algebra,12,2,Medium,4,"|vec(a)+vec(b)+vec(c)|²=0 ⇒ |a|²+|b|²+|c|²+2(..)=0 ⇒ 1+1+1+2(..)=0 ⇒ মান = -3/2।"
129,"Z=3x+2y -এর সর্বোচ্চ মান নির্ণয় কর, যখন x+y≤4, x,y≥0।",Linear Programming,12,2,Easy,2,"প্রান্তবিন্দু (0,0), (4,0), (0,4)। সর্বোচ্চ মান 12, (4,0) বিন্দুতে।"
130,"একটি সম্ভাবনা বিভাজনের মধ্যক (mean) 3 এবং ভেদাঙ্ক (variance) 2 হলে, এটি কি একটি দ্বিপদ বিভাজন হতে পারে?",Probability,12,2,Medium,2,"np=3, npq=2 ⇒ q=2/3, p=1/3। n=np/p = 3/(1/3)=9। হ্যাঁ, হতে পারে।"
131,"যদি A={1,2,3...10} হয়, তবে A থেকে A -তে সংজ্ঞাত এক-এক অপেক্ষকের সংখ্যা কত?",Relations and Functions,11,1,Hard,2,"10! বা P(10,10)."
132,"প্রমাণ কর: (cos A + sin A) / (cos A - sin A) = tan(45°+A).",Trigonometric Functions,11,1,Medium,2,"লব ও হরকে cos A দিয়ে ভাগ করে পাই (1+tanA)/(1-tanA) = tan(45°+A)."
133,"যদি |z+4| ≤ 3 হয়, তবে |z+1| -এর বৃহত্তম মান কত?",Complex Numbers,11,1,Hard,4,"|z+1| = |(z+4)-3| ≤ |z+4| + |-3| ≤ 3+3=6."
134,"যদি (1+x)^n -এর বিস্তৃতিতে প্রথম তিনটি পদের সহগ যথাক্রমে 1, 6 এবং 16 হয়, তবে n -এর মান নির্ণয় কর।",Binomial Theorem,11,2,Medium,4,"nC1=6 ⇒ n=6. nC2=6C2=15, যা 16-এর সমান নয়। সুতরাং প্রদত্ত মানগুলি সম্ভব নয়।"
135,"2 এবং 81 -এর মধ্যে 3টি গুণোত্তরীয় মধ্যক (GM) বসাও।",Sequences and Series,11,2,Medium,4,"81 = 2 * r^4 ⇒ r=3. মধ্যকগুলি হল 6, 18, 54."
136,"x²-y²=a² পরাবৃত্তের অসীমতট (asymptotes) দুটির সমীকরণ কী?",Conic Sections,11,2,Easy,1,"x-y=0 এবং x+y=0."
137,"p ⇒ q -এর বিপরীত (inverse) বিবৃতিটি কী?",Mathematical Reasoning,11,2,Easy,1,"~p ⇒ ~q."
138,"A এবং B স্বাধীন ঘটনা এবং P(A)=1/2, P(A∪B)=3/5 হলে P(B) কত?",Probability,11,2,Hard,4,"P(A∪B)=P(A)+P(B)-P(A)P(B) ⇒ 3/5=1/2+P(B)-(1/2)P(B) ⇒ P(B)=1/5."
139,"A=[[cos x, -sin x], [sin x, cos x]] হলে, AA' কত?",Matrices,12,1,Easy,2,"AA' = I (একক ম্যাট্রিক্স)."
140,"যদি x=sin t, y=cos(pt) হয়, তবে দেখাও যে (1-x²)y₂ - xy₁ + p²y = 0.",Continuity and Differentiability,12,1,Hard,5,"y₁=dy/dx এবং y₂=d²y/dx²। প্যারামেট্রিক অন্তরকলন ব্যবহার করে প্রমাণ করতে হবে।"
141,"∫(dx / (sin²x cos²x)) -এর মান নির্ণয় কর।",Integrals,12,2,Medium,4,"∫(4dx / sin²(2x)) = ∫4cosec²(2x)dx = -2cot(2x)+C."
142,"d/dx ∫(x² to x³) sin(t) dt -এর মান নির্ণয় কর।",Integrals,12,2,Hard,4,"Leibniz's rule ব্যবহার করে: sin(x³) * (3x²) - sin(x²) * (2x)."
143,"vec(a) = i+j-k, vec(b)=i-j+k, vec(c)=-i+j+k ভেক্টর তিনটি কি একতলীয় (coplanar)?",Vector Algebra,12,2,Medium,2,"[a b c] = vec(a).(vec(b) x vec(c)) -এর মান নির্ণয় করতে হবে। মান শূন্য না হলে একতলীয় নয়।"
144,"(1, -1, 2) এবং (3, 4, -2) বিন্দুগামী সরলরেখার ভেক্টর সমীকরণ নির্ণয় কর।",Three Dimensional Geometry,12,2,Easy,2,"vec(r) = (i-j+2k) + λ(2i+5j-4k)."
145,"Z=x-y -এর অবম মান নির্ণয় কর, যখন 3x+y≤6, x+y≤4, x,y≥0.",Linear Programming,12,2,Medium,4,"প্রান্তবিন্দু (0,0), (2,0), (1,3), (0,4)। অবম মান -4, (0,4) বিন্দুতে।"
146,"যদি A={1,2,3...10} হয়, তবে A থেকে A -তে সংজ্ঞাত এক-এক অপেক্ষকের সংখ্যা কত?",Relations and Functions,11,1,Hard,2,"10! বা P(10,10)."
147,"sin 18° -এর মান নির্ণয় কর।",Trigonometric Functions,11,1,Medium,2,"(√5 - 1)/4."
148,"যদি x ও y বাস্তব হয় এবং (x-iy)(3+5i) = -6-24i হয়, তবে x ও y -এর মান নির্ণয় কর।",Complex Numbers,11,1,Medium,4,"গুন করে বাস্তব ও কাল্পনিক অংশ সমান করে x=3, y=-3।"
149,"একটি বহুভুজের 44টি কর্ণ আছে। তার বাহুসংখ্যা কত?",Permutations and Combinations,11,2,Medium,2,"n(n-3)/2 = 44 ⇒ n²-3n-88=0 ⇒ (n-11)(n+8)=0 ⇒ n=11।"
150,"(3x - 1/x²)^15 -এর বিস্তৃতিতে x মুক্ত পদটির মান নির্ণয় কর।",Binomial Theorem,11,2,Medium,4,"Tr+1 = 15Cr (3x)^(15-r) (-1/x²)^r। 15-r-2r=0 ⇒ 3r=15 ⇒ r=5। পদটি হল 15C5 * 3^10 * (-1)^5 = -3003 * 3^10।"
151,"একটি সমান্তর প্রগতির প্রথম 9টি পদের যোগফল 162 এবং প্রথম 15টি পদের যোগফল 405 হলে, প্রগতিটি নির্ণয় কর।",Sequences and Series,11,2,Hard,5,"S9=162, S15=405। সমীকরণ সমাধান করে a=10, d=2। প্রগতি: 10, 12, 14, ..."
152,"y=mx+c সরলরেখাটি x²/a² - y²/b² = 1 পরাবৃত্তের স্পর্শক হওয়ার শর্ত কী?",Conic Sections,11,2,Medium,2,"c² = a²m² - b²।"
153,"y = tan⁻¹((cos x - sin x)/(cos x + sin x)) হলে, dy/dx নির্ণয় কর।",Continuity and Differentiability,12,1,Medium,4,"y = tan⁻¹((1-tan x)/(1+tan x)) = tan⁻¹(tan(π/4 - x)) = π/4 - x। dy/dx = -1।"
154,"∫(0 to 1) x(1-x)⁹⁹ dx -এর মান কত?",Integrals,12,2,Hard,5,"∫(0 to 1) (1-x)x⁹⁹ dx ব্যবহার করে। মান: 1/10100।"
155,"(x+2)/3 = (y-1)/5 = (z+3)/3 এবং x/1 = (y-2)/2 = (z+1)/3 সরলরেখা দুটির মধ্যে ন্যূনতম দূরত্ব (shortest distance) নির্ণয় কর।",Three Dimensional Geometry,12,2,Hard,5,"সূত্র: |(a₂-a₁).(b₁xb₂)| / |b₁xb₂| ব্যবহার করতে হবে।"
156,"একজন ছাত্রের সাঁতার না জানার সম্ভাবনা 1/5। 5 জন ছাত্রের মধ্যে ঠিক 4 জন সাঁতার জানার সম্ভাবনা কত?",Probability,12,2,Medium,4,"সাঁতার জানার সম্ভাবনা p=4/5, না জানার q=1/5। P(X=4) = 5C4 * (4/5)^4 * (1/5)^1 = 5 * 256/3125 = 256/625।"
157,"R={ (x,y) : x,y ∈ N এবং x+2y=8 } সম্বন্ধটির ক্ষেত্র (domain) ও পাল্লা (range) নির্ণয় কর।",Relations and Functions,11,1,Easy,2,"সম্বন্ধ: {(6,1), (4,2), (2,3)}। ক্ষেত্র={2,4,6}, পাল্লা={1,2,3}।"
158,"10C1 + 10C2 + ... + 10C10 -এর মান কত?",Binomial Theorem,11,2,Easy,2,"2^10 - 10C0 = 1024 - 1 = 1023।"
159,"lim(x→∞) (√(x²+x+1) - x) -এর মান নির্ণয় কর।",Limits and Derivatives,11,2,Medium,4,"অনুবন্ধী দিয়ে গুণ করে। মান: 1/2।"
160,"y = e^(e^x) হলে dy/dx নির্ণয় কর।",Continuity and Differentiability,12,1,Easy,2,"e^(e^x) * e^x।"
161,"log(dy/dx) = ax+by অবকল সমীকরণটির সমাধান কর।",Differential Equations,12,2,Medium,4,"dy/dx = e^(ax) * e^(by) ⇒ e^(-by)dy = e^(ax)dx। সমাকলন করে সমাধান করতে হবে।"
162,"যদি A একটি বিপ্রতিসম ম্যাট্রিক্স (skew-symmetric matrix) হয়, তবে তার প্রধান কর্ণের পদগুলি কী হয়?",Matrices,12,1,Easy,1,"সবগুলি শূন্য হয়।"
163,"∫(0 to 2π) |sin x| dx -এর মান নির্ণয় কর।",Application of Integrals,12,2,Hard,4,"2 * ∫(0 to π) sin x dx = 2 * [-cos x](0 to π) = 2 * (1 - (-1)) = 4।"
164,"4i-3j+k এবং -2i+j-2k ভেক্টর দুটির লম্ব দিকে একটি 6 একক মানের ভেক্টর নির্ণয় কর।",Vector Algebra,12,2,Hard,5,"প্রথমে ক্রস গুণফল নির্ণয় করে লম্ব ভেক্টর বের করতে হবে, তারপর তার একক ভেক্টরকে 6 দিয়ে গুণ করতে হবে।"
165,"একটি মুদ্রা কতবার টস করলে অন্তত একবার হেড পড়ার সম্ভাবনা 0.9 -এর বেশি হবে?",Probability,12,2,Hard,5,"1 - (1/2)^n > 0.9 ⇒ (1/2)^n < 0.1 ⇒ 2^n > 10। n=4 (ন্যূনতম)।"
166,"যদি A={1,2,3}, B={3,4,5} হয়, তবে (A-B)×(B-A) নির্ণয় কর।",Sets,11,1,Easy,2,"A-B={1,2}, B-A={4,5}। (A-B)×(B-A) = {(1,4), (1,5), (2,4), (2,5)}।"
167,"cos 20° cos 40° cos 80° -এর মান কত?",Trigonometric Functions,11,1,Hard,4,"(1/4) * cos(3*20) = (1/4)cos60 = 1/8।"
168,"একটি গুণোত্তর প্রগতির 5-তম পদ 2 হলে, তার প্রথম 9টি পদের গুণফল কত?",Sequences and Series,11,2,Medium,4,"a*ar*...*ar^8 = a^9 * r^36 = (ar^4)^9 = 2^9 = 512।"
169,"(4, -5) এবং (-2, 3) বিন্দু দুটির সংযোজক রেখাংশ y-অক্ষ দ্বারা কী অনুপাতে বিভক্ত হয়?",Straight Lines,11,2,Medium,2,"ধরি অনুপাত k:1। y-অক্ষের ওপর x=0। (-2k+4)/(k+1)=0 ⇒ k=2। অনুপাত 2:1।"
170,"y=x³ - 3x² + 5 অপেক্ষকের যে বিন্দুতে স্পর্শক x-অক্ষের সমান্তরাল, তার স্থানাঙ্ক নির্ণয় কর।",Application of Derivatives,12,1,Medium,4,"dy/dx=3x²-6x=0 ⇒ x=0, 2। বিন্দুগুলি (0,5) এবং (2,1)।"
171,"∫(dx / (x log x)) -এর মান নির্ণয় কর।",Integrals,12,2,Easy,2,"log x = z ধরে। log(log x) + C।"
172,"vec(a) = i+j, vec(b)=j+k এবং vec(c)=k+i হলে, [a b c] বা বক্স প্রোডাক্টের মান কত?",Vector Algebra,12,2,Medium,2,"|[1,1,0],[0,1,1],[1,0,1]| = 1(1)-1(-1)+0 = 2।"
173,"Z=5x+10y -এর অবম মান নির্ণয় কর, যখন x+2y≤120, x+y≥60, x-2y≥0, x,y≥0.",Linear Programming,12,2,Hard,5,"প্রান্তবিন্দুগুলি হল (60,0), (120,0), (60,30)। অবম মান 300, (60,0) বিন্দুতে।"
174,"একটি লিপ ইয়ারে 53টি রবিবার থাকার সম্ভাবনা কত?",Probability,11,2,Medium,2,"লিপ ইয়ারে 366 দিন = 52 সপ্তাহ + 2 দিন। দুটি দিন হতে পারে (রবি, সোম), (সোম, মঙ্গল),...। অনুকূল ঘটনা 2। সম্ভাবনা 2/7।"
175,"যদি x = a sec³θ, y = a tan³θ হয়, তবে θ=π/3 বিন্দুতে dy/dx নির্ণয় কর।",Continuity and Differentiability,12,1,Medium,4,"dy/dx = sinθ। θ=π/3 -তে মান √3/2।"
176,"যদি A=[[1, 2], [x, 4]] ম্যাট্রিক্সটি সিঙ্গুলার (singular) হয়, তবে x-এর মান কত?",Matrices,12,1,Easy,1,"|A|=0 ⇒ 4-2x=0 ⇒ x=2।"
177,"∫(-a to a) f(x)dx = 2∫(0 to a) f(x)dx কখন হবে?",Integrals,12,2,Easy,1,"যখন f(x) একটি যুগ্ম অপেক্ষক (even function), অর্থাৎ f(-x) = f(x)।"
178,"P(A∪B) = P(A) + P(B) কখন সত্যি হয়?",Probability,12,2,Easy,1,"যখন A এবং B দুটি পরস্পর পৃথক (mutually exclusive) ঘটনা।"
179,"tan⁻¹(1) + tan⁻¹(2) + tan⁻¹(3) -এর মান কত?",Inverse Trigonometric Functions,12,1,Medium,4,"tan⁻¹(2)+tan⁻¹(3) = tan⁻¹((2+3)/(1-6)) = tan⁻¹(-1) = -tan⁻¹(1) = -π/4। ভুল, tan⁻¹(x)+tan⁻¹(y)=π+tan⁻¹((x+y)/(1-xy)) যখন xy>1। π-π/4। মোট মান: π/4+3π/4 = π।"
180,"x=0 বিন্দুতে y=|x|+|x-1| অপেক্ষকটি সন্তত কিনা পরীক্ষা কর।",Continuity and Differentiability,12,1,Medium,2,"হ্যাঁ, সন্তত। কারণ দুটি সন্তত অপেক্ষকের যোগফল সর্বদা সন্তত হয়।"
181,"একটি সরলরেখা x, y, z অক্ষের ধনাত্মক দিকের সঙ্গে যথাক্রমে α, β, γ কোণ উৎপন্ন করলে, sin²α + sin²β + sin²γ -এর মান কত?",Three Dimensional Geometry,12,2,Medium,2,"cos²α+cos²β+cos²γ=1 ⇒ (1-sin²α)+(1-sin²β)+(1-sin²γ)=1 ⇒ sin²α+sin²β+sin²γ=2।"
182,"y = log(log(log x)) হলে dy/dx কত?",Limits and Derivatives,11,2,Medium,2,"1/(x logx log(logx))।"
183,"যদি A ও B দুটি সেট হয় এবং n(A)=20, n(B)=25, n(A∪B)=40 হয়, তবে n(A∩B) কত?",Sets,11,1,Easy,1,"n(A∩B) = n(A)+n(B)-n(A∪B) = 20+25-40 = 5।"
184,"(x-a)(x-b) > 0 অসমীকরণটির সমাধান কী (যখন a < b)?",Linear Inequalities,11,1,Medium,2,"x < a অথবা x > b। অর্থাৎ, (-∞, a) ∪ (b, ∞)।"
185,"∫(dx / √(a²-x²)) -এর মান কত?",Integrals,12,2,Easy,1,"sin⁻¹(x/a) + C।"
186,"4x-3y+10=0 সরলরেখার প্রবণতা (slope) ও y-ছেদিতাংশ (y-intercept) কত?",Straight Lines,11,2,Easy,1,"y=(4/3)x + 10/3। প্রবণতা=4/3, y-ছেদিতাংশ=10/3।"
187,"sin⁻¹x - cos⁻¹x = π/6 হলে, x-এর মান নির্ণয় কর।",Inverse Trigonometric Functions,12,1,Hard,4,"cos⁻¹x=π/2-sin⁻¹x ব্যবহার করে। 2sin⁻¹x = 2π/3 ⇒ sin⁻¹x=π/3 ⇒ x=√3/2।"
188,"যদি A একটি 2x2 ম্যাট্রিক্স হয় এবং A²=I হয়, তবে A⁻¹ কী হবে?",Matrices,12,1,Easy,1,"A⁻¹ = A।"
189,"মান নির্ণয় কর: ∫(0 to 4) |x-2| dx",Application of Integrals,12,2,Medium,4,"∫(0 to 2) (2-x)dx + ∫(2 to 4) (x-2)dx = 2+2=4।"
190,"vec(a) এবং vec(b) দুটি একক ভেক্টর এবং তাদের মধ্যবর্তী কোণ θ হলে, |vec(a)-vec(b)| -এর মান কত?",Vector Algebra,12,2,Medium,2,"|a-b|² = |a|²+|b|²-2a.b = 1+1-2cosθ = 2(1-cosθ) = 4sin²(θ/2)। মান = 2sin(θ/2)।"
191,"5x+3y=1 সরলরেখার সমান্তরাল এবং (2,1) বিন্দুগামী সরলরেখার সমীকরণ নির্ণয় কর।",Straight Lines,11,2,Easy,2,"5x+3y=k। 5(2)+3(1)=k ⇒ k=13। 5x+3y=13।"
192,"y=x² বক্রের (1,1) বিন্দুতে অভিলম্বের (normal) সমীকরণ নির্ণয় কর।",Application of Derivatives,12,1,Medium,4,"dy/dx=2x। (1,1) এ স্পর্শকের প্রবণতা 2। অভিলম্বের প্রবণতা -1/2। সমীকরণ: y-1 = -1/2 (x-1)।"
193,"∫(e^x / (1+e^(2x))) dx -এর মান নির্ণয় কর।",Integrals,12,2,Medium,2,"e^x=z ধরে। ∫dz/(1+z²)=tan⁻¹(z)+C = tan⁻¹(e^x)+C।"
194,"y=A e^(3x) + B e^(-2x) অবকল সমীকরণটির ক্রম (order) ও মাত্রা (degree) কত?",Differential Equations,12,2,Easy,2,"দুটি ধ্রুবক থাকায় ক্রম 2, এটি রৈখিক হওয়ায় মাত্রা 1।"
195,"যদি f(x) = (x-a)²(x-b)² হয়, তবে f(x)-এর কটি চরম বা অবম বিন্দু আছে?",Application of Derivatives,12,1,Hard,4,"f'(x)=0 করে x=a, b, (a+b)/2 পাওয়া যায়। 3টি বিন্দু।"
196,"A = {1, {2,3}, 4} সেটের পদের সংখ্যা কত?",Sets,11,1,Easy,1,"3টি। পদগুলি হল 1, {2,3}, এবং 4।"
197,"z = -1-i√3 হলে, z-এর পোলার আকার (polar form) লেখ।",Complex Numbers,11,1,Medium,2,"r=2, θ=-2π/3। 2(cos(-2π/3) + i sin(-2π/3))।"
198,"(2a - b)⁷ -এর বিস্তৃতিতে পদের সংখ্যা কত?",Binomial Theorem,11,2,Easy,1,"7+1 = 8।"
199,"(x-1)/2 = (y-2)/3 = (z-3)/4 সরলরেখাটি কোন সমতলকে ছেদ করে?",Three Dimensional Geometry,12,2,Easy,1,"XY, YZ এবং ZX তিনটি সমতলকেই ছেদ করে।"
200,"একটি দ্বিপদ বিভাজনের মধ্যক ও সমক পার্থক্য যথাক্রমে 4 ও √3 হলে, P(X=0)-এর মান নির্ণয় কর।",Probability,12,2,Hard,4,"np=4, npq=3 ⇒ q=3/4, p=1/4, n=16। P(X=0) = 16C0 * (1/4)^0 * (3/4)^16 = (3/4)^16।"
201,"f(x) = x³ - 1/x³ হলে, f(x)+f(1/x) -এর মান কত?",Relations and Functions,11,1,Easy,2,"f(1/x) = 1/x³ - x³। যোগফল = 0।"
202,"যদি 3tanA + 4 = 0 এবং A তৃতীয় পাদে থাকে, তবে 2cotA - 5cosA + sinA -এর মান নির্ণয় কর।",Trigonometric Functions,11,1,Medium,4,"tanA=-4/3। sinA=-4/5, cosA=-3/5, cotA=3/4। মান = 2(3/4)-5(-3/5)+(-4/5) = 23/10।"
203,"y = x/(x+4) বক্রের অসীমতট (asymptote) সমূহের সমীকরণ নির্ণয় কর।",Conic Sections,11,2,Hard,4,"উল্লম্ব অসীমতট: x=-4। অনুভূমিক অসীমতট: y=1।"
204,"দেখাও যে f(x) = x - sin(x) একটি সর্বত্র বর্ধিষ্ণু (strictly increasing) অপেক্ষক।",Application of Derivatives,12,1,Medium,4,"f'(x) = 1 - cos(x)। যেহেতু -1≤cos(x)≤1, তাই f'(x)≥0। সুতরাং অপেক্ষকটি বর্ধিষ্ণু।"
205,"A ম্যাট্রিক্সের ক্রম 3x3 এবং |A|=5 হলে, |2A| -এর মান কত?",Determinants,12,1,Easy,2,"|2A| = 2³|A| = 8 * 5 = 40।"